{
    "name": "root",
    "gauges": {
        "WhiteAgent.Policy.Entropy.mean": {
            "value": 0.1283208280801773,
            "min": 0.07730048894882202,
            "max": 1.979339838027954,
            "count": 200
        },
        "WhiteAgent.Policy.Entropy.sum": {
            "value": 6416.2978515625,
            "min": 5861.47998046875,
            "max": 312936.15625,
            "count": 200
        },
        "WhiteAgent.Environment.EpisodeLength.mean": {
            "value": 15.799191374663073,
            "min": 1.0935275893829022,
            "max": 17.271099744245525,
            "count": 200
        },
        "WhiteAgent.Environment.EpisodeLength.sum": {
            "value": 46892.0,
            "min": 26120.0,
            "max": 143831.0,
            "count": 200
        },
        "WhiteAgent.Self-play.ELO.mean": {
            "value": 6785.259254011207,
            "min": 1065.6757838828653,
            "max": 6801.317129892634,
            "count": 200
        },
        "WhiteAgent.Self-play.ELO.sum": {
            "value": 20138649.465905264,
            "min": 10857952.72064375,
            "max": 58586702.90150617,
            "count": 200
        },
        "WhiteAgent.Step.mean": {
            "value": 9999987.0,
            "min": 49998.0,
            "max": 9999987.0,
            "count": 200
        },
        "WhiteAgent.Step.sum": {
            "value": 9999987.0,
            "min": 49998.0,
            "max": 9999987.0,
            "count": 200
        },
        "WhiteAgent.Policy.ExtrinsicValueEstimate.mean": {
            "value": 0.009709056466817856,
            "min": -0.4372112452983856,
            "max": 0.8397561311721802,
            "count": 200
        },
        "WhiteAgent.Policy.ExtrinsicValueEstimate.sum": {
            "value": 30.36992835998535,
            "min": -5623.82275390625,
            "max": 4783.2509765625,
            "count": 200
        },
        "WhiteAgent.Environment.CumulativeReward.mean": {
            "value": -0.06400472423423718,
            "min": -0.6723951741177562,
            "max": 0.8962609804852683,
            "count": 200
        },
        "WhiteAgent.Environment.CumulativeReward.sum": {
            "value": -190.03002625145018,
            "min": -6378.234959959984,
            "max": 5226.429998846725,
            "count": 200
        },
        "WhiteAgent.Policy.ExtrinsicReward.mean": {
            "value": -0.06400472423423718,
            "min": -0.6723951741177562,
            "max": 0.8962609804852683,
            "count": 200
        },
        "WhiteAgent.Policy.ExtrinsicReward.sum": {
            "value": -190.03002625145018,
            "min": -6378.234959959984,
            "max": 5226.429998846725,
            "count": 200
        },
        "WhiteAgent.Losses.PolicyLoss.mean": {
            "value": 0.039542756229639056,
            "min": 0.027441311633447187,
            "max": 0.0446502660488477,
            "count": 200
        },
        "WhiteAgent.Losses.PolicyLoss.sum": {
            "value": 0.07908551245927811,
            "min": 0.05488262326689437,
            "max": 0.12314868592657148,
            "count": 200
        },
        "WhiteAgent.Losses.ValueLoss.mean": {
            "value": 0.28310511261224747,
            "min": 0.05292520306538791,
            "max": 0.6351040519773961,
            "count": 200
        },
        "WhiteAgent.Losses.ValueLoss.sum": {
            "value": 0.5662102252244949,
            "min": 0.10585040613077581,
            "max": 1.7288595236837865,
            "count": 200
        },
        "WhiteAgent.Policy.LearningRate.mean": {
            "value": 6.303097899300033e-07,
            "min": 6.303097899300033e-07,
            "max": 0.00029907663030779,
            "count": 200
        },
        "WhiteAgent.Policy.LearningRate.sum": {
            "value": 1.2606195798600066e-06,
            "min": 1.2606195798600066e-06,
            "max": 0.0008889261036912999,
            "count": 200
        },
        "WhiteAgent.Policy.Epsilon.mean": {
            "value": 0.1,
            "min": 0.1,
            "max": 0.10000000000000002,
            "count": 200
        },
        "WhiteAgent.Policy.Epsilon.sum": {
            "value": 0.2,
            "min": 0.2,
            "max": 0.30000000000000004,
            "count": 200
        },
        "WhiteAgent.Policy.Beta.mean": {
            "value": 0.00022004899300000113,
            "min": 0.00022004899300000113,
            "max": 0.09969224077900002,
            "count": 200
        },
        "WhiteAgent.Policy.Beta.sum": {
            "value": 0.00044009798600000227,
            "min": 0.00044009798600000227,
            "max": 0.29630906913,
            "count": 200
        },
        "WhiteAgent.IsTraining.mean": {
            "value": 1.0,
            "min": 1.0,
            "max": 1.0,
            "count": 200
        },
        "WhiteAgent.IsTraining.sum": {
            "value": 1.0,
            "min": 1.0,
            "max": 1.0,
            "count": 200
        },
        "BlackAgent.Policy.Entropy.mean": {
            "value": 0.2004210501909256,
            "min": 0.07463375478982925,
            "max": 2.0051536560058594,
            "count": 200
        },
        "BlackAgent.Policy.Entropy.sum": {
            "value": 9979.765625,
            "min": 3732.807373046875,
            "max": 282153.1875,
            "count": 200
        },
        "BlackAgent.Environment.EpisodeLength.mean": {
            "value": 13.710417892878164,
            "min": 1.0370638902584033,
            "max": 15.518134715025907,
            "count": 200
        },
        "BlackAgent.Environment.EpisodeLength.sum": {
            "value": 46588.0,
            "min": 27735.0,
            "max": 138161.0,
            "count": 200
        },
        "BlackAgent.Self-play.ELO.mean": {
            "value": 6789.945844497869,
            "min": 1007.4241881957587,
            "max": 6789.945844497869,
            "count": 200
        },
        "BlackAgent.Self-play.ELO.sum": {
            "value": 23072235.97960376,
            "min": 10071766.503621157,
            "max": 66619554.75476806,
            "count": 200
        },
        "BlackAgent.Step.mean": {
            "value": 9999969.0,
            "min": 49999.0,
            "max": 9999969.0,
            "count": 200
        },
        "BlackAgent.Step.sum": {
            "value": 9999969.0,
            "min": 49999.0,
            "max": 9999969.0,
            "count": 200
        },
        "BlackAgent.Policy.ExtrinsicValueEstimate.mean": {
            "value": -0.042009081691503525,
            "min": -0.5709726810455322,
            "max": 0.8194934129714966,
            "count": 200
        },
        "BlackAgent.Policy.ExtrinsicValueEstimate.sum": {
            "value": -149.88839721679688,
            "min": -8819.9189453125,
            "max": 5590.79296875,
            "count": 200
        },
        "BlackAgent.Environment.CumulativeReward.mean": {
            "value": 0.15257281526401487,
            "min": -0.641734756843203,
            "max": 0.8965952520569166,
            "count": 200
        },
        "BlackAgent.Environment.CumulativeReward.sum": {
            "value": 518.5949990823865,
            "min": -9388.489970173687,
            "max": 3953.985061571002,
            "count": 200
        },
        "BlackAgent.Policy.ExtrinsicReward.mean": {
            "value": 0.15257281526401487,
            "min": -0.641734756843203,
            "max": 0.8965952520569166,
            "count": 200
        },
        "BlackAgent.Policy.ExtrinsicReward.sum": {
            "value": 518.5949990823865,
            "min": -9388.489970173687,
            "max": 3953.985061571002,
            "count": 200
        },
        "BlackAgent.Losses.PolicyLoss.mean": {
            "value": 0.033677215134957805,
            "min": 0.02953992019756697,
            "max": 0.04419660716084764,